roi,label,p_trace_model,p_image_cnn,models_say,session_path
225,0,0.995,0.968,cell,/mnt/other_ubunthu/mnt/data/5-ordered/Inbar5
157,0,0.970,0.992,cell,/mnt/other_ubunthu/mnt/data/5-ordered/Inbar5
276,0,0.967,0.991,cell,/mnt/other_ubunthu/mnt/data/5-ordered/Inbar5
298,0,0.989,0.963,cell,/mnt/other_ubunthu/mnt/data/5-ordered/Inbar5
65,0,0.959,0.994,cell,/mnt/other_ubunthu/mnt/data/5-ordered/Inbar5
140,0,0.972,0.979,cell,/mnt/other_ubunthu/mnt/data/5-ordered/Inbar5
189,0,0.985,0.961,cell,/mnt/other_ubunthu/mnt/data/5-ordered/Inbar5
287,0,0.991,0.954,cell,/mnt/other_ubunthu/mnt/data/5-ordered/Inbar5
202,0,0.961,0.980,cell,/mnt/other_ubunthu/mnt/data/5-ordered/Inbar5
237,0,0.982,0.953,cell,/mnt/other_ubunthu/mnt/data/5-ordered/Inbar5
529,0,0.950,0.980,cell,/mnt/other_ubunthu/mnt/data/5-ordered/Inbar5
429,0,0.955,0.972,cell,/mnt/other_ubunthu/mnt/data/5-ordered/Inbar5
239,0,0.960,0.963,cell,/mnt/other_ubunthu/mnt/data/5-ordered/Inbar5
244,0,0.959,0.961,cell,/mnt/other_ubunthu/mnt/data/5-ordered/Inbar5
294,0,0.947,0.972,cell,/mnt/other_ubunthu/mnt/data/5-ordered/Inbar5
109,0,0.966,0.950,cell,/mnt/other_ubunthu/mnt/data/5-ordered/Inbar5
130,0,0.968,0.945,cell,/mnt/other_ubunthu/mnt/data/5-ordered/Inbar5
322,0,0.928,0.983,cell,/mnt/other_ubunthu/mnt/data/5-ordered/Inbar5
261,0,0.943,0.968,cell,/mnt/other_ubunthu/mnt/data/5-ordered/Inbar5
306,0,0.956,0.952,cell,/mnt/other_ubunthu/mnt/data/5-ordered/Inbar5
173,0,0.918,0.988,cell,/mnt/other_ubunthu/mnt/data/5-ordered/Inbar5
304,0,0.967,0.939,cell,/mnt/other_ubunthu/mnt/data/5-ordered/Inbar5
296,0,0.941,0.963,cell,/mnt/other_ubunthu/mnt/data/5-ordered/Inbar5
346,0,0.938,0.960,cell,/mnt/other_ubunthu/mnt/data/5-ordered/Inbar5
571,0,0.916,0.973,cell,/mnt/other_ubunthu/mnt/data/5-ordered/Inbar5
1186,0,0.912,0.973,cell,/mnt/other_ubunthu/mnt/data/5-ordered/Inbar5
256,0,0.968,0.908,cell,/mnt/other_ubunthu/mnt/data/5-ordered/Inbar5
348,0,0.879,0.996,cell,/mnt/other_ubunthu/mnt/data/5-ordered/Inbar5
238,0,0.898,0.971,cell,/mnt/other_ubunthu/mnt/data/5-ordered/Inbar5
139,0,0.923,0.944,cell,/mnt/other_ubunthu/mnt/data/5-ordered/Inbar5
391,0,0.942,0.921,cell,/mnt/other_ubunthu/mnt/data/5-ordered/Inbar5
210,0,0.906,0.949,cell,/mnt/other_ubunthu/mnt/data/5-ordered/Inbar5
901,1,0.027,0.123,not cell,/mnt/other_ubunthu/mnt/data/5-ordered/Inbar5
169,0,0.979,0.871,cell,/mnt/other_ubunthu/mnt/data/5-ordered/Inbar5
536,0,0.890,0.954,cell,/mnt/other_ubunthu/mnt/data/5-ordered/Inbar5
531,0,0.901,0.940,cell,/mnt/other_ubunthu/mnt/data/5-ordered/Inbar5
563,0,0.901,0.937,cell,/mnt/other_ubunthu/mnt/data/5-ordered/Inbar5
679,0,0.923,0.892,cell,/mnt/other_ubunthu/mnt/data/5-ordered/Inbar5
760,0,0.926,0.885,cell,/mnt/other_ubunthu/mnt/data/5-ordered/Inbar5
359,0,0.883,0.923,cell,/mnt/other_ubunthu/mnt/data/5-ordered/Inbar5
262,0,0.908,0.897,cell,/mnt/other_ubunthu/mnt/data/5-ordered/Inbar5
448,0,0.904,0.892,cell,/mnt/other_ubunthu/mnt/data/5-ordered/Inbar5
341,0,0.923,0.859,cell,/mnt/other_ubunthu/mnt/data/5-ordered/Inbar5
422,0,0.852,0.926,cell,/mnt/other_ubunthu/mnt/data/5-ordered/Inbar5
248,0,0.912,0.865,cell,/mnt/other_ubunthu/mnt/data/5-ordered/Inbar5
183,0,0.884,0.887,cell,/mnt/other_ubunthu/mnt/data/5-ordered/Inbar5
1037,0,0.891,0.879,cell,/mnt/other_ubunthu/mnt/data/5-ordered/Inbar5
300,0,0.863,0.869,cell,/mnt/other_ubunthu/mnt/data/5-ordered/Inbar5
209,0,0.855,0.858,cell,/mnt/other_ubunthu/mnt/data/5-ordered/Inbar5
